Timestamp,Internal_Temperature_C,Feed_Flow_m3h,Column_Pressure_kPa
2026-06-19 04:00:00,181.2417853825281,26.119484349268802,100.48978607003075
2026-06-19 04:01:00,179.65433924707204,25.739706946330216,101.12657759514137
2026-06-19 04:02:00,181.61922134525173,25.04770429593614,100.34909609480005
2026-06-19 04:03:00,183.80757464102007,24.48245057783554,100.93044616443315
2026-06-19 04:04:00,179.41461656319166,25.558578650890873,99.02766239965545
2026-06-19 04:05:00,179.41465760762705,25.3147883083374,101.55595244884752
2026-06-19 04:06:00,183.94803203876847,25.716154576022184,101.30144657043466
2026-06-19 04:07:00,181.91858682288228,25.508137441345575,100.31949364271817
2026-06-19 04:08:00,178.82631403516262,25.839642172255466,102.09109480211889
2026-06-19 04:09:00,181.35640010896492,24.571811830751546,102.42508416515187
2026-06-19 04:10:00,178.84145576796885,26.053915252507462,99.37092816275722
2026-06-19 04:11:00,178.83567561607435,25.15807968375392,100.38473026572053
2026-06-19 04:12:00,180.6049056789151,26.660208698100213,100.37702918025524
2026-06-19 04:13:00,175.2167993883555,24.448649745528346,100.17211627866936
2026-06-19 04:14:00,175.68770541871743,26.3887710425322,102.29536981031809
2026-06-19 04:15:00,,25.158328626770118,101.06740863347264
2026-06-19 04:16:00,,24.47886559710844,100.98258219042727
2026-06-19 04:17:00,,24.612891332756544,98.8953651627119
2026-06-19 04:18:00,,24.743722153444544,102.06250163625107
2026-06-19 04:19:00,,25.339332757121532,99.81288992617583
2026-06-19 04:20:00,183.66412192230388,25.4182683904284,101.37191915631959
2026-06-19 04:21:00,179.43555924878365,24.541039996849136,101.63285232554983
2026-06-19 04:22:00,180.16882051171982,24.980516326191214,102.93279031500637
2026-06-19 04:23:00,176.43812953446636,26.71381628688949,99.72941552105706
2026-06-19 04:24:00,178.63904318868705,26.382034536080567,97.676585413015
2026-06-19 04:25:00,180.27730647427467,25.349058935739226,101.52061945370443
2026-06-19 04:26:00,177.12251605644425,25.03040278253456,103.46061341781302
2026-06-19 04:27:00,180.93924504586417,25.096025061374608,102.78673562352732
2026-06-19 04:28:00,178.49840327520297,25.490814378184332,101.55159129832956
2026-06-19 04:29:00,179.27076562551682,24.181765947841274,100.71003657724154
2026-06-19 04:30:00,178.4957334694265,24.794098770061325,102.26854711596476
2026-06-19 04:31:00,184.63069546127235,23.665132740897928,100.13174456035463
2026-06-19 04:32:00,179.96625693815517,25.319378498084223,101.87162932322747
2026-06-19 04:33:00,177.35572267761026,25.517756751762192,101.90656419099994
2026-06-19 04:34:00,182.05636228025799,24.613450830160502,102.57225188899865
2026-06-19 04:35:00,176.94789087507243,26.259189410632025,104.61159204669329
2026-06-19 04:36:00,180.5221589875119,24.019387469598126,101.77089916061452
2026-06-19 04:37:00,175.10082469030056,23.828500095832144,100.689243649151
2026-06-19 04:38:00,176.67953487775392,25.179561454847978,101.2693108253696
2026-06-19 04:39:00,180.4921530896728,25.837678642089724,99.17710891413306
2026-06-19 04:40:00,181.84616644998852,26.347142153166295,100.46634424269313
2026-06-19 04:41:00,180.42842070297493,24.63289258970485,100.80886107426427
2026-06-19 04:42:00,179.7108792940294,25.862944666745037,100.67109392247849
2026-06-19 04:43:00,179.24724076102677,24.969193224399433,101.48282584644046
2026-06-19 04:44:00,176.30369502408143,24.861898160047343,100.31309608114135
2026-06-19 04:45:00,178.20038947901324,25.70692794998934,102.64523680078936
2026-06-19 04:46:00,178.84840307260052,25.521858302730735,101.30024847790183
2026-06-19 04:47:00,182.6428055655473,23.7388862744126,101.28883961463366
2026-06-19 04:48:00,180.85904572392116,26.181232279780716,100.9065263401845
2026-06-19 04:49:00,175.59239961159315,26.10407308331796,101.48622882063077
2026-06-19 04:50:00,180.81020992348698,24.499549838792376,102.29011791760117
2026-06-19 04:51:00,179.0372942989592,25.316642826749927,100.25944374114691
2026-06-19 04:52:00,178.3076949992351,25.39522414902619,100.51026021310969
2026-06-19 04:53:00,181.52919072210216,25.208539012659127,100.93552876546799
2026-06-19 04:54:00,182.57749880623987,24.559755876923663,99.68495489183213
2026-06-19 04:55:00,182.3282002977905,24.46270130564956,100.3168905683342
2026-06-19 04:56:00,177.9019561919434,24.979556743206842,100.72853495174641
2026-06-19 04:57:00,179.22696906037197,25.93818321540749,102.34926701685526
2026-06-19 04:58:00,180.82815857850892,25.434880123675544,101.61507359480231
2026-06-19 04:59:00,182.4388628178059,24.703508534331114,101.53230789364105
2026-06-19 05:00:00,178.80206440538677,25.617358968518676,102.32107755460156
2026-06-19 05:01:00,179.53585255834045,22.72116590349594,101.13515385392073
2026-06-19 05:02:00,177.23416256498493,25.919012560297684,101.76855781991466
2026-06-19 05:03:00,177.00948343979832,23.60822897697752,101.176133896481
2026-06-19 05:04:00,182.0313145559855,24.710047246877494,101.61843481927956
2026-06-19 05:05:00,183.39060007142706,24.104264084299086,100.6006896108661
2026-06-19 05:06:00,179.81997469604917,23.964254819423275,98.37341941006828
2026-06-19 05:07:00,182.50883224473006,25.928661429902817,101.13886500537643
2026-06-19 05:08:00,180.90409006261908,24.625839038950488,103.00729776331993
2026-06-19 05:09:00,178.38720061348718,25.277203105384572,102.41145848268991
2026-06-19 05:10:00,180.90348901377104,24.962463536896653,102.4584769815094
2026-06-19 05:11:00,183.84509141616493,25.381632661778497,102.78335686616745
2026-06-19 05:12:00,179.91043490222512,25.061457512848204,101.40638910915372
2026-06-19 05:13:00,183.91160913953502,23.973606220649145,101.53677884888671
2026-06-19 05:14:00,173.45063723977563,25.79701345555771,100.55881772547878
2026-06-19 05:15:00,182.05475626093806,24.60499473347095,100.92071257276754
2026-06-19 05:16:00,180.21761767059542,23.754734481072198,102.03892537972537
2026-06-19 05:17:00,179.25248162383534,24.65750787122727,102.74466132460257
2026-06-19 05:18:00,180.22940194133875,26.200607832507448,101.1326644691828
2026-06-19 05:19:00,175.03107771349778,25.680177393690794,100.7597728821783
2026-06-19 05:20:00,179.45082028040622,24.721078292473713,101.30063355062791
2026-06-19 05:21:00,180.89278142877936,24.720593836545255,102.02144809871494
2026-06-19 05:22:00,183.6947351118538,24.742691959026093,99.56737422063975
2026-06-19 05:23:00,178.7043244543159,26.661398386848674,98.54458285623531
2026-06-19 05:24:00,177.97876599276702,25.30554836178524,100.6393557806101
2026-06-19 05:25:00,178.74560739103865,25.344033317752857,99.835145088903
2026-06-19 05:26:00,182.28850529425517,25.824226763225475,100.69023176282323
2026-06-19 05:27:00,180.82187777414921,25.19103132722121,101.12266361741904
2026-06-19 05:28:00,178.6755994905824,24.792766283343436,100.75610190917239
2026-06-19 05:29:00,181.2831685827834,24.842920120732018,103.04296104136489
2026-06-19 05:30:00,180.24269387337011,24.94271899246875,101.69209371752278
2026-06-19 05:31:00,182.42161247633223,24.970222210792127,101.66056923153299
2026-06-19 05:32:00,178.24486726530662,25.582103634909583,102.04664857285208
2026-06-19 05:33:00,179.1808446335056,25.04155670864584,99.93340025866307
2026-06-19 05:34:00,179.01972961716962,25.586112061772464,102.54693414490431
2026-06-19 05:35:00,176.3412126296697,24.935426735913133,101.20908285615745
2026-06-19 05:36:00,180.74030069266144,25.062908152252874,102.10457674068945
2026-06-19 05:37:00,180.6526381804497,23.401439452374312,100.01377132035181
2026-06-19 05:38:00,180.01278364160615,25.733062139761984,99.43548948078072
2026-06-19 05:39:00,179.41353216656213,25.277190780718396,102.28146758963003
2026-06-19 05:40:00,176.46157314487397,25.798408087887722,101.75169143131701
2026-06-19 05:41:00,178.9483866930866,22.682995697445048,100.21753813477099
2026-06-19 05:42:00,179.14321370868308,26.670699763824583,100.25640430247036
2026-06-19 05:43:00,177.99430682694594,24.888328297475862,102.65052174129772
2026-06-19 05:44:00,179.596785720835,25.886546253390012,99.8727057285592
2026-06-19 05:45:00,181.01012714203634,24.168075258299574,103.27120754390715
2026-06-19 05:46:00,184.71546475302634,25.490219124050057,100.21925511842255
2026-06-19 05:47:00,180.4364445320796,24.157267549461075,102.06607031073005
2026-06-19 05:48:00,180.64387597680692,24.500984831443358,100.90565782910122
2026-06-19 05:49:00,179.81388521058457,26.531225083093428,102.02382491729881
2026-06-19 05:50:00,175.20307196175239,24.847454079389323,100.64706319746297
2026-06-19 05:51:00,179.93371531137697,25.17394629854378,101.10464851271324
2026-06-19 05:52:00,180.15057552485257,25.696054184551002,101.34910301047486
2026-06-19 05:53:00,186.1581052812132,25.396545510378083,100.09737505306224
2026-06-19 05:54:00,179.5190975880472,25.12033512411486,102.18898921450415
2026-06-19 05:55:00,180.75386835583404,25.29196880197298,100.68414372023409
2026-06-19 05:56:00,179.9132205757369,26.92273246819062,101.02568010159197
2026-06-19 05:57:00,177.07830490595117,24.95390496237313,100.10678075046978
2026-06-19 05:58:00,182.85705703628756,25.160879237371972,98.22519960944562
2026-06-19 05:59:00,181.87983258171693,25.84052351680609,101.0707666848798
2026-06-19 06:00:00,181.97757986760763,25.884420746366388,104.19513850593549
2026-06-19 06:01:00,177.72653136301315,25.949624244448305,102.24152514547762
2026-06-19 06:02:00,183.50698577734025,25.51098417762335,101.27688754431873
2026-06-19 06:03:00,176.4953723430193,24.08559606981561,100.98453100495007
2026-06-19 06:04:00,181.46714273450067,26.306745225840878,101.32695907137445
2026-06-19 06:05:00,185.47613906452494,24.08292368558505,101.95654293821025
2026-06-19 06:06:00,177.52365918717328,25.242108372191225,99.88302462162939
2026-06-19 06:07:00,178.58425567599306,24.396579319984514,102.63718603360265
2026-06-19 06:08:00,180.2491284127191,24.948689322725606,102.1584575785295
2026-06-19 06:09:00,178.7413108647095,25.263009928242784,102.16182287084952
2026-06-19 06:10:00,176.12334142233468,25.25708577236022,101.82617088657167
2026-06-19 06:11:00,180.17140743701506,25.337536603388227,101.32353998923278
2026-06-19 06:12:00,177.34424071568475,26.29096901524692,102.10743348316018
2026-06-19 06:13:00,181.18398107658794,25.362827441211184,102.01017696048964
2026-06-19 06:14:00,177.7014394144155,24.80467469176748,100.87515114687076
2026-06-19 06:15:00,183.87483601254385,25.771269734630685,100.61167787252371
2026-06-19 06:16:00,178.0418667691594,25.951576391139714,101.42222755431438
2026-06-19 06:17:00,179.1948462094858,24.017913747890407,103.15882418179422
2026-06-19 06:18:00,182.03379304342417,25.477920055879885,99.81307150921532
2026-06-19 06:19:00,176.92283920891512,25.56093819384872,99.53896968109707
2026-06-19 06:20:00,180.56864983651033,24.761949197312006,101.49771300948382
2026-06-19 06:21:00,183.26785688570607,26.100565450649295,101.36106524222721
2026-06-19 06:22:00,175.98129191359692,24.87995553037398,101.50800999724449
2026-06-19 06:23:00,180.46158464633075,25.100461162777233,101.5927438374902
2026-06-19 06:24:00,180.64970698562107,24.861542540572906,101.03215729443824
2026-06-19 06:25:00,181.95455717944327,25.012463238065173,103.0878361263225
2026-06-19 06:26:00,176.9076232228048,24.12297993048384,99.37891522582818
2026-06-19 06:27:00,176.6988584672893,23.847959293924564,100.3058035702637
2026-06-19 06:28:00,181.30485391404224,26.27560405057998,101.17609428782114
2026-06-19 06:29:00,180.74246168308298,24.322430921345337,99.328173426615
2026-06-19 06:30:00,180.6262321258647,24.206886120434955,101.08897471468151
2026-06-19 06:31:00,180.86612052374244,23.277287909117028,103.29376419887362
2026-06-19 06:32:00,178.29993819605377,24.4888306018484,101.32506378595515
2026-06-19 06:33:00,180.5806342429025,23.941528165274,101.57684108686242
2026-06-19 06:34:00,180.7326811832467,26.313612128109096,99.7878022817929
2026-06-19 06:35:00,178.2141214549341,25.807853671474106,100.56036631035262
2026-06-19 06:36:00,184.66443627786188,24.44947972385782,100.84976434361127
2026-06-19 06:37:00,181.18458230227947,26.80194864427545,100.91874188389252
2026-06-19 06:38:00,177.02174125699338,25.785412389593276,102.83797255400452
2026-06-19 06:39:00,181.64138402158457,24.7401348931931,101.96922927287015
2026-06-19 06:40:00,177.5632958244317,23.00047542810114,99.96625045167556
2026-06-19 06:41:00,181.96771150935612,26.832754058072595,101.5958057341184
2026-06-19 06:42:00,182.89648894751852,23.88834202658912,101.89786609819613
2026-06-19 06:43:00,177.9482942041207,23.683681002434486,102.66817884622552
2026-06-19 06:44:00,182.4084403231108,25.81805634560771,103.19664882388204
2026-06-19 06:45:00,181.03195231734125,26.95180192507142,100.08188696980656
2026-06-19 06:46:00,182.05515039998622,26.107418254808415,100.3269709865476
2026-06-19 06:47:00,184.74198245663487,25.45112729604189,99.79090656930246
2026-06-19 06:48:00,179.38652970999283,25.475803473332228,101.01917616907161
2026-06-19 06:49:00,178.1156595891063,25.682732447024247,101.85963004933559
2026-06-19 06:50:00,177.7762139259362,25.607142871829414,102.48480141990692
2026-06-19 06:51:00,177.9604742875864,25.2249531391755,101.20885877162897
2026-06-19 06:52:00,179.80724572646474,25.0833608831615,100.91618297209419
2026-06-19 06:53:00,180.85287993704162,24.949925497680383,101.48210959069849
2026-06-19 06:54:00,180.69172699832504,24.396828328906658,100.29782851804397
2026-06-19 06:55:00,182.06795812259006,24.775459938506582,103.80744646603372
2026-06-19 06:56:00,180.03250472969478,23.64563454864369,99.37080676745833
2026-06-19 06:57:00,183.6338351928933,24.9213282985642,101.52168869467486
2026-06-19 06:58:00,179.3383579169051,24.209127114279266,103.72832746307556
2026-06-19 06:59:00,186.80042291647405,24.117128546227384,101.30815981347199
2026-06-19 07:00:00,181.56416836941253,25.143915320922783,101.07195315799821
2026-06-19 07:01:00,177.8571061089593,26.11360182907568,100.87106549262748
2026-06-19 07:02:00,177.32276875484723,25.73465328480185,101.0835299818851
2026-06-19 07:03:00,181.20618103810796,23.743599517101458,102.94741816961184
2026-06-19 07:04:00,179.44134303668537,24.20829749074373,98.64576570640459
2026-06-19 07:05:00,181.78500123523023,25.75261695039057,103.14012044155558
2026-06-19 07:06:00,181.18309406143385,24.214010085169352,99.59125141705982
2026-06-19 07:07:00,179.81792771835782,24.82029348000238,100.9800172049187
2026-06-19 07:08:00,177.88301570482898,25.440041679219643,100.78490669564161
2026-06-19 07:09:00,176.21288193828534,24.22532443610909,102.00626392372486
2026-06-19 07:10:00,178.88371261983244,25.084300404916767,99.3822507777395
2026-06-19 07:11:00,182.14099698580867,23.932779604065438,101.85460719929833
2026-06-19 07:12:00,180.53523436032552,24.51890588483903,103.72917154794422
2026-06-19 07:13:00,176.88565305322004,25.25582554731403,99.66419119448862
2026-06-19 07:14:00,180.43295231462795,23.725605013174665,101.52764740113247
2026-06-19 07:15:00,180.9632934493221,25.352379790368317,100.50562138664407
2026-06-19 07:16:00,177.79035640949718,24.984289760858655,101.81106464743164
2026-06-19 07:17:00,180.3843127648638,25.441991963533717,101.3229773328989
2026-06-19 07:18:00,180.145521796115,25.17913130725173,100.53021570914683
2026-06-19 07:19:00,177.14257425542345,26.091312343979077,101.88544674184529
2026-06-19 07:20:00,180.89446840087072,25.100179602118327,103.46521773174409
2026-06-19 07:21:00,181.40196131592057,24.656475567099797,101.07091544992724
2026-06-19 07:22:00,182.7076281079382,25.097838002425828,102.16370953057782
2026-06-19 07:23:00,182.63450513008726,25.43463842322911,99.7480724505546
2026-06-19 07:24:00,176.55582658010727,25.039088056260564,100.15227634781839
2026-06-19 07:25:00,177.65543740021218,25.032473352963105,101.86688753345645
2026-06-19 07:26:00,181.28758816802164,24.438406649754597,103.08093923424316
2026-06-19 07:27:00,181.28446487728053,24.469679265959243,101.7267360185428
2026-06-19 07:28:00,181.28761921576512,23.877915782560244,100.9243303633722
2026-06-19 07:29:00,189.6318287266368,26.39966139454955,101.29914968650802
2026-06-19 07:30:00,181.4272262767329,24.00490941168697,99.79951071923634
2026-06-19 07:31:00,182.8389141004515,24.445675841763276,102.02541839162643
2026-06-19 07:32:00,182.385004408733,24.42527418754464,102.35879967478809
2026-06-19 07:33:00,181.6284781282645,25.715939501555553,100.7574916006003
2026-06-19 07:34:00,179.21182688839914,24.76404025736638,100.73594942268859
2026-06-19 07:35:00,181.89742305123318,25.998193658138987,101.61905387558245
2026-06-19 07:36:00,178.06793696365608,24.461207500604907,100.77593631675128
2026-06-19 07:37:00,179.40795348314998,25.223195329779042,101.22064086244902
2026-06-19 07:38:00,178.78659113042724,24.331722357392195,103.81966614699982
2026-06-19 07:39:00,180.2046853484658,26.71611930221871,101.0035691591048
2026-06-19 07:40:00,185.78664641668377,24.04992126477639,100.86999181757453
2026-06-19 07:41:00,175.33183701852062,25.24785656818162,100.5229498332378
2026-06-19 07:42:00,181.7156504759363,25.50702150474568,102.19303036579993
2026-06-19 07:43:00,175.96821032202587,25.3310392779612,101.08253099213827
2026-06-19 07:44:00,178.82017033552643,24.851769872897833,100.52075235401429
2026-06-19 07:45:00,182.72237649241842,24.896143440213258,102.88556483872762
2026-06-19 07:46:00,180.16070004773866,25.03504917758329,103.00352360541636
2026-06-19 07:47:00,177.30563805517673,24.88239839869721,100.57949172111356
2026-06-19 07:48:00,178.21174072685008,25.771103293435928,99.06015205836725
2026-06-19 07:49:00,181.6989943723367,26.76841840127308,102.5090164278043
2026-06-19 07:50:00,178.17408342070715,24.55400657199373,100.478444209088
2026-06-19 07:51:00,180.54114647395494,23.90415761633674,102.24875071899532
2026-06-19 07:52:00,180.11392959975953,24.929374361318995,98.9358754187458
2026-06-19 07:53:00,178.37099913098547,27.063767470123455,102.37111680595916
2026-06-19 07:54:00,185.35986022331332,24.357060345624216,99.84659368486307
2026-06-19 07:55:00,181.58479755579503,26.311293444355254,102.17691694287983
2026-06-19 07:56:00,174.937143533356,26.342160651261153,101.31712768140372
2026-06-19 07:57:00,180.46613578692356,24.557129406633603,100.15527269672403
2026-06-19 07:58:00,178.34553383807904,25.45518646334822,100.81155642448786
2026-06-19 07:59:00,182.13108333699057,26.30271729850283,102.12358214834804
2026-06-19 08:00:00,178.01869815391825,24.69669780721001,101.42707334373827
2026-06-19 08:01:00,179.71315889633274,24.837135711918112,102.00129557656697
2026-06-19 08:02:00,181.26246819745114,24.534655268841085,103.67172870141857
2026-06-19 08:03:00,182.1643879854253,24.188194615445706,99.42291006594674
2026-06-19 08:04:00,176.99925898236057,24.480577963947194,103.24065508996235
2026-06-19 08:05:00,179.16374691039763,24.020847786590195,101.42522712502786
2026-06-19 08:06:00,178.8126367220976,25.02726677460738,100.22145914201225
2026-06-19 08:07:00,178.36667691856573,24.384021415153086,99.70362364911321
2026-06-19 08:08:00,184.41363560070275,25.187028729432598,101.07305553106755
2026-06-19 08:09:00,181.01245427740238,23.755283483037097,102.40598013430935
2026-06-19 08:10:00,176.8477901141624,25.264704185771567,101.14694105554696
2026-06-19 08:11:00,182.29465486763695,25.66682316928714,103.11338591629682
2026-06-19 08:12:00,185.3053904925316,23.405011485942836,99.55858917193812
2026-06-19 08:13:00,182.58116315137787,25.29924525587806,101.28549326258474
2026-06-19 08:14:00,176.20157508511497,25.982135193978635,99.79712786670426
2026-06-19 08:15:00,178.78941481783437,24.032287185047036,101.73635825914995
2026-06-19 08:16:00,183.16727787296657,26.338057909470162,102.36426486811676
2026-06-19 08:17:00,178.23082633595305,25.335215207492837,100.79508584758274
2026-06-19 08:18:00,181.10954857036558,24.43599051539327,98.17494337204744
2026-06-19 08:19:00,181.93658513357335,24.955384737873835,101.53873777615578
2026-06-19 08:20:00,177.6826738210548,25.446661530017376,101.82408626208021
2026-06-19 08:21:00,179.8511866098455,25.06080431312993,101.78515370595403
2026-06-19 08:22:00,171.8968316498273,25.431004793957094,102.78293863018658
2026-06-19 08:23:00,177.43903089666426,24.26346112553651,100.01473558442113
2026-06-19 08:24:00,179.36857962151709,25.135488659228862,102.11625932654054
2026-06-19 08:25:00,176.88054204508788,23.869028402476015,102.73100901497357
2026-06-19 08:26:00,184.08102825982908,24.91101915092104,99.16569489919218
2026-06-19 08:27:00,176.4246465550984,24.276873886828167,101.68358219110277
2026-06-19 08:28:00,178.89988878325755,24.411576045928186,100.69498420279079
2026-06-19 08:29:00,180.32685144321522,25.98887454016835,101.20217279227802
2026-06-19 08:30:00,183.60318322266528,25.873048096475415,101.717211780246
2026-06-19 08:31:00,176.4103446220514,25.48731049672574,100.71532572306373
2026-06-19 08:32:00,182.9079093803874,24.126149788261937,100.48915030500606
2026-06-19 08:33:00,180.02558265254896,24.74687324024416,101.34098290098562
2026-06-19 08:34:00,177.5462283723801,25.970478159983347,99.99530487336463
2026-06-19 08:35:00,181.15525868565817,25.113373530911925,99.99700984533777
2026-06-19 08:36:00,180.49764923893366,26.855463631985355,102.1152479395478
2026-06-19 08:37:00,178.499457807103,25.314654271515497,99.92144715780961
2026-06-19 08:38:00,180.17450521247505,25.153639293192025,102.09957500109105
2026-06-19 08:39:00,179.0367160078456,24.752706828637997,101.85510955142473
2026-06-19 08:40:00,180.28379336312813,25.106832723825825,99.22903192545128
2026-06-19 08:41:00,181.65532668630263,24.878024130895565,100.4869224171972
2026-06-19 08:42:00,183.9650420403634,25.566486941350874,102.73293128365684
2026-06-19 08:43:00,176.90546125293287,25.765361853435667,100.12260136263238
2026-06-19 08:44:00,185.33258343664068,24.37120843159364,100.74271488522874
2026-06-19 08:45:00,175.11978050119376,23.935013637153777,101.85447307190228
2026-06-19 08:46:00,179.62053726241103,23.53103570151736,102.24006861113911
2026-06-19 08:47:00,181.47079301621145,25.406393061530036,100.9981533367466
2026-06-19 08:48:00,180.70247966933758,24.117306715060902,100.58298776637002
2026-06-19 08:49:00,178.44325120044851,23.277687525638015,103.00684383403821
2026-06-19 08:50:00,179.4796943741068,25.31086288362477,103.38667959655709
2026-06-19 08:51:00,178.7674976633529,26.994399613946232,102.47462966093815
2026-06-19 08:52:00,178.52658810763947,24.995143270768086,101.40238177107803
2026-06-19 08:53:00,182.12400524255256,25.670792619561315,100.33008113403089
2026-06-19 08:54:00,180.89253871491263,25.065463486838052,100.30346671213212
2026-06-19 08:55:00,178.26772601184837,24.920888277447087,101.92701692631891
2026-06-19 08:56:00,182.24899968858313,25.735261186390215,101.80207786506642
2026-06-19 08:57:00,180.76824880219152,24.767780364649077,102.98191831153571
2026-06-19 08:58:00,182.0321552970974,25.213913851257523,102.08054011104336
2026-06-19 08:59:00,181.57407210480903,25.257358244956812,99.49630363788822
2026-06-19 09:00:00,177.92751247269481,24.46552763708556,102.5623371412675
2026-06-19 09:01:00,178.59954739950757,25.79363387962922,100.1023272472227
2026-06-19 09:02:00,181.86823401280816,24.860032194643672,100.83923447365717
2026-06-19 09:03:00,181.52592566358365,24.395403872405723,101.60024024750203
2026-06-19 09:04:00,179.94774601508962,25.429207874856324,103.69480098774075
2026-06-19 09:05:00,180.29331845827195,24.28122561456717,105.03190226720643
2026-06-19 09:06:00,183.19416223947107,25.022544925895303,102.02806767096342
2026-06-19 09:07:00,178.52107152791044,24.99270480268464,101.08016405753553
2026-06-19 09:08:00,181.36774345292508,25.86871645266526,101.94140677817666
2026-06-19 09:09:00,179.49451836891527,25.37975858630396,102.3651865110486
2026-06-19 09:10:00,179.45579699193195,24.979978433003886,100.91519884933136
2026-06-19 09:11:00,182.74694212996798,25.65421303936023,103.45425362709479
2026-06-19 09:12:00,182.06354087247007,26.11216603921385,101.57608491102968
2026-06-19 09:13:00,182.0337740900016,25.446248245081488,101.89729170690967
2026-06-19 09:14:00,183.26369701788582,25.008282095874705,102.09910910246535
2026-06-19 09:15:00,180.0525096040819,23.95053101411987,101.80590393273734
2026-06-19 09:16:00,181.7048824282374,24.1479090695397,102.30672860056353
2026-06-19 09:17:00,179.22433310851636,24.755820236516264,100.55929617614369
2026-06-19 09:18:00,180.8104158812211,24.512390238272573,100.63003789526476
2026-06-19 09:19:00,179.6746423640808,24.85042295761164,99.97981492043397
2026-06-19 09:20:00,180.2424899124818,25.045319939917686,101.82740147674427
2026-06-19 09:21:00,181.48789256359228,25.423754203485384,102.23472380421454
2026-06-19 09:22:00,177.95444829191632,24.943600977552727,101.84932743938226
2026-06-19 09:23:00,185.23096818921366,25.389201315060962,103.30939092001704
2026-06-19 09:24:00,177.48495654625074,25.051579531848095,101.29328477740515
2026-06-19 09:25:00,176.96452846803066,23.419626746916904,102.102489986711
2026-06-19 09:26:00,182.89527718375018,24.248531684944997,99.98995894863282
2026-06-19 09:27:00,181.97915673490735,24.884729955422706,100.83548035703072
2026-06-19 09:28:00,181.5602995426304,24.032244205727114,102.13464530907893
2026-06-19 09:29:00,181.5708637731607,25.479942983996963,102.31892253289178
2026-06-19 09:30:00,179.96938306788272,26.22460066587496,100.94723966280299
2026-06-19 09:31:00,177.75686407128543,25.975009481357855,101.21408089777032
2026-06-19 09:32:00,180.18951139548432,24.829245703255832,99.47855150398303
2026-06-19 09:33:00,178.30709572121972,26.19258090947996,100.87156495903207
2026-06-19 09:34:00,182.43779933354438,25.118933965761688,102.36845979622375
2026-06-19 09:35:00,179.63235654624467,24.73033122310557,101.99024601932787
2026-06-19 09:36:00,177.9362570080187,24.50927786916725,101.90079886565745
2026-06-19 09:37:00,179.19653539586753,24.7580242508095,101.35972842461715
2026-06-19 09:38:00,181.03232863568905,24.689458545167017,101.30847579035381
2026-06-19 09:39:00,178.59068861799005,25.13633297790039,100.50761463263186
2026-06-19 09:40:00,177.94444901108392,25.12845918483989,102.13859410424304
2026-06-19 09:41:00,180.60921802872977,25.00243681612273,101.80516753326727
2026-06-19 09:42:00,180.61241642777182,25.34955053579708,101.89042261759135
2026-06-19 09:43:00,178.73264206157216,25.952517019829074,100.6687581887989
2026-06-19 09:44:00,178.8224042359542,25.75964330835306,98.71598849615451
2026-06-19 09:45:00,180.5801248433941,23.812081625240076,102.61658325410443
2026-06-19 09:46:00,176.37978914625668,22.956863092078436,100.7253950527899
2026-06-19 09:47:00,176.4813405640586,25.747455928991418,100.26466908314825
2026-06-19 09:48:00,178.2038894468689,23.906497041267663,102.1321746942968
2026-06-19 09:49:00,179.46638212072037,24.820187678485855,100.82958483209704
2026-06-19 09:50:00,180.77726891399502,24.06390957915251,102.57192366085594
2026-06-19 09:51:00,183.68839054237387,23.558415649935984,102.04040713949203
2026-06-19 09:52:00,182.14414905800504,25.43317018256383,102.12028318784057
2026-06-19 09:53:00,179.60015367509143,25.60732412824212,99.66085314655936
2026-06-19 09:54:00,179.95245948024328,24.538791679418626,102.75433278246368
2026-06-19 09:55:00,177.4936765884055,22.92716616628407,101.61350063748063
2026-06-19 09:56:00,179.95371716001904,24.563004441398014,100.85686743290455
2026-06-19 09:57:00,179.27835340269965,25.313443204322038,101.4720661608107
2026-06-19 09:58:00,180.80679640084523,23.816870744980697,99.16851772052202
2026-06-19 09:59:00,177.9319226411192,25.146687935823323,101.7903833737768
2026-06-19 10:00:00,181.29836628560292,24.987752120661604,100.06475419018152
2026-06-19 10:01:00,183.83184728250643,25.46343319968087,99.67679565698775
2026-06-19 10:02:00,179.72809962885785,25.09566429473132,99.47316897653853
2026-06-19 10:03:00,181.00427930524737,24.221544847294755,102.6352260499879
2026-06-19 10:04:00,181.72535997927778,25.957257201331593,100.54488392756865
2026-06-19 10:05:00,178.9969488202854,24.873176341578425,103.14047325189979
2026-06-19 10:06:00,180.56023120452605,24.978156368392053,100.65703824433724
2026-06-19 10:07:00,180.0314810019545,24.253385632741445,99.25117045088847
2026-06-19 10:08:00,180.24419024637209,24.645374199046792,99.96017067206161
2026-06-19 10:09:00,178.06747554036133,24.29215782877848,102.78297394400832
2026-06-19 10:10:00,180.06127543564736,24.861643152061262,101.112922186476
2026-06-19 10:11:00,181.24499572811362,26.369366784113875,100.64205524421128
2026-06-19 10:12:00,183.6278590194876,23.902479085654914,101.49202187102334
2026-06-19 10:13:00,182.39817706521302,23.70915088169861,101.90213928340106
2026-06-19 10:14:00,185.3829561437789,26.176936261994886,102.64087857908295
2026-06-19 10:15:00,178.08163109277987,24.832541058278508,103.0381990758715
2026-06-19 10:16:00,182.1808015918017,24.464741809072066,100.8682776250531
2026-06-19 10:17:00,180.45835501434587,25.83192374991686,99.70874277670156
2026-06-19 10:18:00,185.4745073330442,24.51550756821051,100.80384180665206
2026-06-19 10:19:00,177.97925428661213,26.460807770837548,101.61233660789946
2026-06-19 10:20:00,177.90069539454805,25.542340697071417,100.14348928854726
2026-06-19 10:21:00,178.50151838638993,24.609670873483438,100.15141890212594
2026-06-19 10:22:00,174.69026068922548,26.725846570612404,101.71254545785986
2026-06-19 10:23:00,178.68561244579809,24.51542806159733,101.24161717811546
2026-06-19 10:24:00,178.10216834611575,25.593676297607445,101.3393563944939
2026-06-19 10:25:00,180.37598446619052,25.239434064325195,100.38980559835991
2026-06-19 10:26:00,180.8543899394429,26.04139303151904,101.02351914295308
2026-06-19 10:27:00,184.69042709803972,26.249208957381484,100.19092022687803
2026-06-19 10:28:00,182.37605959546514,25.025603319252614,102.36823809334975
2026-06-19 10:29:00,178.55774086084398,24.397265703723054,102.5422992016685
2026-06-19 10:30:00,177.7539633216291,25.367977714351294,99.08457456531428
2026-06-19 10:31:00,181.22979792876626,24.457827704198316,100.1845869677691
2026-06-19 10:32:00,176.69941698244838,26.610709798021297,99.5041648938919
2026-06-19 10:33:00,184.5786469146359,25.10922826486619,100.51997127871172
2026-06-19 10:34:00,182.94860030180322,24.707742758950314,101.19987443625156
2026-06-19 10:35:00,178.82706086973823,25.14774424469193,99.56042573636176
2026-06-19 10:36:00,175.7171636772728,23.922298968376243,100.19376822424962
2026-06-19 10:37:00,183.38468093541354,24.222708769191478,100.0952511535022
2026-06-19 10:38:00,179.71365038686847,25.96033112635554,101.54872079527873
2026-06-19 10:39:00,183.09454077993365,24.474484576822885,101.38321320444349
2026-06-19 10:40:00,176.01393085301407,24.16247121385445,100.43391493599529
2026-06-19 10:41:00,178.50156244261558,25.42932220202183,101.51218504656727
2026-06-19 10:42:00,180.01310924929547,25.948563323730397,100.64398389849528
2026-06-19 10:43:00,180.11745148441184,25.575162648532054,100.97401386760873
2026-06-19 10:44:00,178.8748363213019,25.796838148644653,103.30814250835824
2026-06-19 10:45:00,181.55712483086876,24.394563929144432,102.90855326214842
2026-06-19 10:46:00,177.33094892654353,23.862551466606526,99.74050251568688
2026-06-19 10:47:00,179.64405128744676,26.20106692156439,102.295678901455
2026-06-19 10:48:00,180.30073907927974,24.74185612892629,102.2736758653899
2026-06-19 10:49:00,181.28609708514688,24.799333586835964,99.92208405349686
2026-06-19 10:50:00,181.77903719522223,26.062555313479248,102.28253317250584
2026-06-19 10:51:00,177.18839477040532,25.444984007520528,103.14551830209506
2026-06-19 10:52:00,176.16471457316095,25.364710217665287,99.9529462325067
2026-06-19 10:53:00,183.19419205474628,26.73200187592087,100.19899661478289
2026-06-19 10:54:00,180.83078502994897,24.485185415695884,102.5211937602122
2026-06-19 10:55:00,178.12878365860863,25.74227210246499,101.62579437299077
2026-06-19 10:56:00,183.8778799388063,25.045610499917668,101.96177153028742
2026-06-19 10:57:00,180.28918658573215,25.214873823090606,101.70870705968059
2026-06-19 10:58:00,182.94824296015958,26.222774741130024,101.76883510511377
2026-06-19 10:59:00,180.16879620352526,25.4062686050317,99.7082334460267
2026-06-19 11:00:00,185.15186981220498,25.430636863239705,102.55678124794574
2026-06-19 11:01:00,184.38835210610802,25.85800586984784,102.70350799091332
2026-06-19 11:02:00,179.37758962880233,24.708037816365692,101.02473110711837
2026-06-19 11:03:00,182.4289273773859,24.328632266128796,101.24782766022336
2026-06-19 11:04:00,181.61343987396288,24.164152644783172,99.46267099693313
2026-06-19 11:05:00,183.42157889383088,23.4269147284992,101.9171057072214
2026-06-19 11:06:00,177.58769134854973,26.64496570395226,101.98646893005697
2026-06-19 11:07:00,181.7151286499961,24.117433307422655,101.22537077960082
2026-06-19 11:08:00,182.64606121712396,24.82299710113138,102.6492240318446
2026-06-19 11:09:00,175.60315128394222,24.778549360088864,100.89910732282407
2026-06-19 11:10:00,177.04185371833557,25.24592535824728,101.97752711107232
2026-06-19 11:11:00,174.90191955559976,25.652589770031437,100.07640279356946
2026-06-19 11:12:00,179.3264829138886,25.688378790687796,101.2717374189509
2026-06-19 11:13:00,181.79385563948992,24.53353804914485,101.0907748905166
2026-06-19 11:14:00,183.75589263024008,24.86630262897087,101.57036950644913
2026-06-19 11:15:00,180.18523695104943,25.22606396039064,100.85656768539997
2026-06-19 11:16:00,184.07153886392823,24.80104709905316,101.14223288519399
2026-06-19 11:17:00,176.54974635446277,26.285876460815995,102.2912566057298
2026-06-19 11:18:00,175.74154390161212,25.392779961310602,100.77588291531414
2026-06-19 11:19:00,179.86113075275844,25.587902228839855,99.37210747911358
2026-06-19 11:20:00,180.96016362234826,25.53030501493393,103.3995006850465
2026-06-19 11:21:00,179.91826312976477,25.93877908598826,102.95774489442859
2026-06-19 11:22:00,174.8313947499003,25.144817246962965,99.74928476587326
2026-06-19 11:23:00,179.77719990121804,23.962534441635324,102.12764936629424
2026-06-19 11:24:00,176.73882624873787,25.319750361402114,100.69643027533839
2026-06-19 11:25:00,181.67418137207508,24.478914484966538,101.61618465839727
2026-06-19 11:26:00,180.91649561524213,24.577106654600193,101.65306895481619
2026-06-19 11:27:00,177.6503005341816,25.469091215004074,101.01871063962041
2026-06-19 11:28:00,178.71533270665827,25.99062645714691,100.35948120129632
2026-06-19 11:29:00,177.3519661952776,25.01701726138885,100.47135073722049
2026-06-19 11:30:00,179.84330225681708,,100.20056970142251
2026-06-19 11:31:00,182.3878558012531,,100.30181335012347
2026-06-19 11:32:00,177.53568488416113,,101.21938605194077
2026-06-19 11:33:00,181.26011628879462,,100.4410880130671
2026-06-19 11:34:00,178.6743559540689,,102.11846247885514
2026-06-19 11:35:00,178.01781791934414,,103.08469538640311
2026-06-19 11:36:00,179.7324241001136,,100.60393611035595
2026-06-19 11:37:00,177.41189419395155,,101.58728540064244
2026-06-19 11:38:00,178.61587673663203,26.031802203266196,101.89962213236352
2026-06-19 11:39:00,177.00530526852788,25.538545081015968,101.86640272510313
2026-06-19 11:40:00,184.91181283229096,24.88923521281298,101.3911463214993
2026-06-19 11:41:00,180.08815887992932,24.020561410968508,102.19121890203166
2026-06-19 11:42:00,178.25068623001854,24.832781394171178,101.87869874321679
2026-06-19 11:43:00,180.53494977683556,24.31958363663256,99.81480509320724
2026-06-19 11:44:00,179.71917987577294,24.535581240156223,102.34298727726713
2026-06-19 11:45:00,179.44757600116694,25.470862723536488,102.36474900472008
2026-06-19 11:46:00,181.53541675010857,26.335923603481124,100.3840566749857
2026-06-19 11:47:00,181.89376927511827,25.315737223858385,101.34552540253712
2026-06-19 11:48:00,178.67374713097368,24.043293550371853,102.11999479137329
2026-06-19 11:49:00,178.5604543983883,25.355682134576114,101.04882341650476
2026-06-19 11:50:00,179.3123707571209,25.95730518931652,102.58757365731921
2026-06-19 11:51:00,174.24519708816104,24.512173676544496,104.13664699354322
2026-06-19 11:52:00,176.21202234450362,24.892786266661666,100.35681676083802
2026-06-19 11:53:00,183.41718566861132,25.011750555783358,99.64274647621546
2026-06-19 11:54:00,184.1124192837532,24.37208134953421,101.66458231472585
2026-06-19 11:55:00,179.37740990110905,25.518624347075086,102.16587500615137
2026-06-19 11:56:00,181.44139240763943,24.903241481113774,101.02296035138627
2026-06-19 11:57:00,180.77812538635885,25.33562595512562,103.04391279598524
2026-06-19 11:58:00,187.69720202113808,24.29000625775832,99.6936730403321
2026-06-19 11:59:00,182.79893727858644,24.650033359741272,102.13150234763793
2026-06-19 12:00:00,179.6802060212981,25.577905086262216,100.57296701508932
2026-06-19 12:01:00,177.61114889849893,24.701733478326588,103.36325348744876
2026-06-19 12:02:00,175.98388419935605,26.381571080986724,103.69101842380174
2026-06-19 12:03:00,180.50865908966807,24.68029105150832,100.38001209465997
2026-06-19 12:04:00,178.10912313678924,25.17974778060151,100.6405314369097
2026-06-19 12:05:00,176.44436572600583,25.74607266549847,102.33150546437577
2026-06-19 12:06:00,178.38356778939368,23.865307413653575,100.83544322025259
2026-06-19 12:07:00,177.296129990964,23.59135295041538,101.24550653848131
2026-06-19 12:08:00,184.21785408768142,23.779474948343925,101.3304661046509
2026-06-19 12:09:00,182.20409939237362,26.010067282741744,98.99639221256281
2026-06-19 12:10:00,179.98006839670845,24.558513483286042,101.28339470468691
2026-06-19 12:11:00,183.69986034722507,27.0465594285346,100.47232667112299
2026-06-19 12:12:00,180.19342076911906,24.548601921074088,100.70825261312027
2026-06-19 12:13:00,177.84678949667935,25.14764104255763,103.03235840416258
2026-06-19 12:14:00,183.80781019317413,26.2336879620543,99.79219172686489
2026-06-19 12:15:00,181.34727510921164,26.604874310527297,102.27584622409756
2026-06-19 12:16:00,177.40688461418387,26.649202861309117,100.96524448360182
2026-06-19 12:17:00,179.52415330479099,25.966692984474513,100.964287797805
2026-06-19 12:18:00,177.8109543665381,25.81925002064917,102.24844627526205
2026-06-19 12:19:00,176.54300067258916,25.474021559360946,101.70806155348266
2026-06-19 12:20:00,182.3154438688291,25.62268886093331,101.98473559666344
2026-06-19 12:21:00,184.77354160117534,24.559051426937174,102.46182159263942
2026-06-19 12:22:00,176.50358106545215,24.345440893262154,100.90242994018001
2026-06-19 12:23:00,181.40742309172643,24.99730043407124,100.5653159185907
2026-06-19 12:24:00,178.37339357719543,24.863852301980057,99.99781936813064
2026-06-19 12:25:00,178.78218654058827,24.63741756053818,100.30950736402525
2026-06-19 12:26:00,178.51901518940284,25.557109957965373,104.83891331037047
2026-06-19 12:27:00,177.84002307580047,25.764244166856408,102.79361549688414
2026-06-19 12:28:00,180.12130406986208,25.070725509033476,99.67871076055037
2026-06-19 12:29:00,177.9226247089724,26.18202406484421,99.71305045190772
2026-06-19 12:30:00,180.6761420644496,24.086648708693197,101.87823927406218
2026-06-19 12:31:00,179.87440472637715,24.845072432576224,101.95671775685356
2026-06-19 12:32:00,179.40262988283396,24.426542143517757,101.95866060238083
2026-06-19 12:33:00,177.73109084489602,23.506770706341552,100.99405304773556
2026-06-19 12:34:00,178.55807167357918,24.93385545132584,101.14945488799651
2026-06-19 12:35:00,181.8884780645644,24.902601993293374,101.69345542899123
2026-06-19 12:36:00,181.25229296906096,26.210759794593706,101.403071607552
2026-06-19 12:37:00,177.5561118880036,25.504649347643824,98.63683955270295
2026-06-19 12:38:00,180.24833076357305,24.180650540536636,101.02424044330976
2026-06-19 12:39:00,181.87846780842946,26.48327405306735,100.27831227888763
2026-06-19 12:40:00,175.82648679719657,25.976826956420282,101.5102537026902
2026-06-19 12:41:00,181.35840048094983,25.465678162774893,104.88231080312408
2026-06-19 12:42:00,178.34344060263538,24.818812720920135,101.74097799856916
2026-06-19 12:43:00,181.4264966714829,24.232448610621216,100.92376437659313
2026-06-19 12:44:00,178.0918521086437,24.70223457914316,102.4061618023727
2026-06-19 12:45:00,175.4877947483387,25.87099889576335,101.87922546465106
2026-06-19 12:46:00,175.9311439052921,26.507669044747686,101.8041133885422
2026-06-19 12:47:00,180.12021236665345,26.23459482261775,102.02822071185881
2026-06-19 12:48:00,180.6493062543037,24.608920462570982,103.76785227779544
2026-06-19 12:49:00,177.73920843723897,24.10430605336879,99.9429338776089
2026-06-19 12:50:00,181.59648114694343,25.112708997528962,101.86835849217374
2026-06-19 12:51:00,175.8461998443276,23.585248507549718,100.18834264402216
2026-06-19 12:52:00,179.8348005033817,25.258534171347826,101.9666151756107
2026-06-19 12:53:00,176.97245950059386,24.881917930961066,100.19757618621668
2026-06-19 12:54:00,178.3704097304946,24.627170798505407,100.79915982367389
2026-06-19 12:55:00,180.11849667829102,23.724237546186565,100.94589210291451
2026-06-19 12:56:00,177.8489665867901,25.410880085255773,102.47098006321364
2026-06-19 12:57:00,179.03861113942543,24.57383932827047,102.4021453327309
2026-06-19 12:58:00,182.5157320230361,24.06406653143177,99.80513914826433
2026-06-19 12:59:00,178.55777032619213,22.70219022937468,101.36592093319982
2026-06-19 13:00:00,182.08923028016287,24.97798807595949,100.448504174301
2026-06-19 13:01:00,177.17573286335596,26.417801277335794,99.78979410718959
2026-06-19 13:02:00,181.32451044478822,26.329007371638298,101.03957953949076
2026-06-19 13:03:00,183.60392155164476,24.634322994730983,100.92982065385301
2026-06-19 13:04:00,173.82088874968179,24.518230351710574,104.21205978361462
2026-06-19 13:05:00,178.00776186132381,25.37501940486002,101.81955179043283
2026-06-19 13:06:00,181.44268031795136,24.201291648649367,99.64685899909492
2026-06-19 13:07:00,179.49238653489252,25.241433519855573,100.62227119499487
2026-06-19 13:08:00,180.92786468342828,25.612864222707753,102.52565995451528
2026-06-19 13:09:00,178.49003703321046,25.981546579107444,103.80613132744391
2026-06-19 13:10:00,180.21647446868224,24.919876738816036,99.39682002531444
2026-06-19 13:11:00,179.6108069115198,24.837060999858426,99.04409073783314
2026-06-19 13:12:00,182.91945515414952,24.29761393059475,103.54515821044613
2026-06-19 13:13:00,180.63605210825304,24.33849571676811,101.76753701284508
2026-06-19 13:14:00,180.844006655188,24.81881688647878,100.25804872174835
2026-06-19 13:15:00,178.97030758469384,25.293892405452944,101.94155490334693
2026-06-19 13:16:00,178.78098443981875,25.7308677009866,98.13710271317974
2026-06-19 13:17:00,178.91860453045095,24.357456839455725,101.3040506079166
2026-06-19 13:18:00,180.98613035594573,26.194150855167617,101.6933854074117
2026-06-19 13:19:00,178.94753879794933,24.783101119165945,102.4091241674454
2026-06-19 13:20:00,180.72443714224104,24.98290616452125,100.08332485724895
2026-06-19 13:21:00,185.1885019966136,24.40223065668174,101.40282459368403
2026-06-19 13:22:00,182.17781175857922,23.060607791781646,100.18949044872849
2026-06-19 13:23:00,179.18494116958038,25.70723631708884,101.60646050680917
2026-06-19 13:24:00,183.00303480540987,25.589475117673945,100.22558441316437
2026-06-19 13:25:00,178.97981156744612,24.77493795430543,100.81027899300773
2026-06-19 13:26:00,174.90468866205538,25.0535925737799,100.10502152625172
2026-06-19 13:27:00,177.47978422270648,25.41275137416328,102.08136349018838
2026-06-19 13:28:00,175.32302019743537,23.749963314490767,102.33014133998799
2026-06-19 13:29:00,179.12121628989672,24.576757858122964,101.0184553160511
2026-06-19 13:30:00,180.04604594797388,25.63541174369746,101.34588559395203
2026-06-19 13:31:00,184.1910932806882,23.9965684614646,99.56169030243974
2026-06-19 13:32:00,180.8173184344104,25.234846345733303,100.94038802239186
2026-06-19 13:33:00,179.45224867797785,23.914734556301276,101.2397544595499
2026-06-19 13:34:00,182.07351395295873,25.37314398594682,104.44495170923597
2026-06-19 13:35:00,174.47216172748028,24.971486814162013,99.965639569071
2026-06-19 13:36:00,180.58903639527142,23.707894547275593,103.05701268650292
2026-06-19 13:37:00,181.92716298471743,25.931791483565735,102.49623052815896
2026-06-19 13:38:00,176.3035343855504,24.41232673856156,101.63676368538816
2026-06-19 13:39:00,182.85938510801734,24.351798050388496,103.41034458103415
2026-06-19 13:40:00,180.84624101873604,25.160455357784755,101.74652656712823
2026-06-19 13:41:00,178.96178021524798,25.918909879542973,101.7669910348015
2026-06-19 13:42:00,181.5819546652657,24.187342544817284,101.23625521637894
2026-06-19 13:43:00,185.676732144511,25.04934387987838,102.76828265890235
2026-06-19 13:44:00,180.45466563764623,25.343053200264457,102.61576308057306
2026-06-19 13:45:00,180.62055146575085,25.554484485810516,100.54918725500454
2026-06-19 13:46:00,178.8515977511494,25.14115324422178,99.71690336648147
2026-06-19 13:47:00,177.87538907633802,24.706377728733344,101.05642323512521
2026-06-19 13:48:00,182.0758395413606,24.337927823481024,100.33995372272283
2026-06-19 13:49:00,177.85979043522784,25.0689151064371,101.22377051046158
2026-06-19 13:50:00,180.1789155930485,24.142288790411513,102.78492576162097
2026-06-19 13:51:00,178.80585638308722,22.662919613204313,100.75123801389584
2026-06-19 13:52:00,181.19744956436597,25.349247843326133,101.24861194242611
2026-06-19 13:53:00,180.83415526321738,25.723147872868957,101.36962728177006
2026-06-19 13:54:00,182.59384986064475,23.10965405156653,102.31811705864634
2026-06-19 13:55:00,178.72495900286313,24.19221543623205,98.60373279921848
2026-06-19 13:56:00,179.32531266176656,25.495323408804158,100.57195964628164
2026-06-19 13:57:00,177.55309071054424,26.645996375769357,101.55354043073537
2026-06-19 13:58:00,178.88926684980973,25.016634966140327,102.74009474771223
2026-06-19 13:59:00,180.94325123261214,24.41759764701669,100.70971706299255
2026-06-19 14:00:00,181.8924715416134,24.85368284711613,99.04813675274974
2026-06-19 14:01:00,177.69458668955593,26.099901135318547,102.04365373515937
2026-06-19 14:02:00,182.17401480026416,24.483228656700373,100.53756513340925
2026-06-19 14:03:00,183.38909464701237,24.360646394679797,99.87240000909156
2026-06-19 14:04:00,181.03358725805924,24.613805182254374,100.55078553234412
2026-06-19 14:05:00,184.69198953139517,24.23733711339303,101.07856957081297
2026-06-19 14:06:00,178.06552700224105,25.098136252795836,100.57430640255414
2026-06-19 14:07:00,176.88836324172146,26.299742766775648,98.65332073148112
2026-06-19 14:08:00,175.5531993777393,25.258463418492823,102.37647943626456
2026-06-19 14:09:00,183.74011077872296,24.79811719829897,102.82985004953446
2026-06-19 14:10:00,181.63591414088515,24.766550984867564,102.0818263896074
2026-06-19 14:11:00,179.86103832272386,23.749447353042676,99.93477719549021
2026-06-19 14:12:00,180.69992156579954,25.706487821717726,101.05821015926297
2026-06-19 14:13:00,177.18627738175405,24.937730242389758,101.29217442172465
2026-06-19 14:14:00,186.11437994904207,24.8556160691275,102.01855326747429
2026-06-19 14:15:00,180.32305295493808,27.554486054275888,102.1020085864617
2026-06-19 14:16:00,180.27348698651224,25.23900232669255,100.4189914414658
2026-06-19 14:17:00,181.81441655974672,24.398567159923854,101.39839466769627
2026-06-19 14:18:00,181.20252307934177,24.658913923035566,101.84873648553828
2026-06-19 14:19:00,180.55971006069782,25.918756567357406,103.04698678657611
2026-06-19 14:20:00,178.0238138613867,25.09061632843021,102.14540784778967
2026-06-19 14:21:00,181.17867089284,23.849377617346107,102.24686802485061
2026-06-19 14:22:00,184.7050612411876,25.735383147660162,101.40059195351523
2026-06-19 14:23:00,183.36355011538745,24.465484731568804,102.9925509742442
2026-06-19 14:24:00,183.9829665665985,26.498638220974037,101.7917153551514
2026-06-19 14:25:00,178.72196080892203,25.86403845257172,100.26669450779171
2026-06-19 14:26:00,177.52598794935355,24.642142483473,102.98404396415023
2026-06-19 14:27:00,179.68553269975087,26.02481308938809,102.13748392704683
2026-06-19 14:28:00,180.13931228072173,25.05428440842192,100.76834717464583
2026-06-19 14:29:00,182.73547879617738,25.682218940097776,100.7246084391209
2026-06-19 14:30:00,175.76883842571294,25.38778625383558,101.65589065416891
2026-06-19 14:31:00,183.82387579865153,24.3229146760073,101.8558217543211
2026-06-19 14:32:00,179.60498025355253,24.48516013414603,101.53675071875745
2026-06-19 14:33:00,178.93279732513145,25.823968654064927,101.67357040813145
2026-06-19 14:34:00,177.4697390618496,24.732179734314766,103.33994884949165
2026-06-19 14:35:00,175.8628583203356,24.677081229406404,102.58585178268186
2026-06-19 14:36:00,182.0579264599048,24.235901936520516,101.52876270951802
2026-06-19 14:37:00,180.183294917971,25.33887925247477,102.42957269692097
2026-06-19 14:38:00,176.77509775064738,26.650019935394518,100.06097131576695
2026-06-19 14:39:00,176.76230306984095,24.145973668596582,101.77751245993616
2026-06-19 14:40:00,179.16053825177468,25.019375565338205,103.47116761967973
2026-06-19 14:41:00,184.1725538132235,26.129776444332343,101.03834492552915
2026-06-19 14:42:00,179.351021621591,24.936286887003426,100.28283928565709
2026-06-19 14:43:00,176.24214261720473,25.361897436999786,100.51749333368832
2026-06-19 14:44:00,179.38564233978514,24.150085177482495,99.99244035518913
2026-06-19 14:45:00,179.31819107563084,25.342645677766118,100.35828571024675
2026-06-19 14:46:00,173.25778339264608,24.85028458799636,100.85539028169197
2026-06-19 14:47:00,179.86426283370548,25.788583996543892,99.61331957698563
2026-06-19 14:48:00,179.42266367447831,25.9499088412518,101.31874200073952
2026-06-19 14:49:00,181.74051591203354,27.071650913614892,102.38273260854398
2026-06-19 14:50:00,184.62239023736336,25.46370653857086,100.21069258382369
2026-06-19 14:51:00,182.8164125738694,25.260637053265732,103.12314070837012
2026-06-19 14:52:00,179.32777827361292,25.155507441261868,101.91295050623312
2026-06-19 14:53:00,177.23368522814582,24.71746696575145,102.53669670274887
2026-06-19 14:54:00,186.43339950812464,25.270787074769352,100.51059853537743
2026-06-19 14:55:00,180.1480460850362,24.763678871888775,102.32543027247993
2026-06-19 14:56:00,180.03482322978238,25.13476878101569,99.98967931952562
2026-06-19 14:57:00,179.93968728222498,26.05407802848637,102.36829700100381
2026-06-19 14:58:00,180.49521190191965,24.194765947776286,101.50620720775224
2026-06-19 14:59:00,179.63909897019013,25.911902848903235,101.96390146398174
2026-06-19 15:00:00,178.5658449827994,26.05369205387189,99.88928647325018
2026-06-19 15:01:00,178.632852646899,24.905545178407138,100.22591618926808
2026-06-19 15:02:00,179.91811682446001,23.302516080793126,102.01667386190405
2026-06-19 15:03:00,178.64143807216558,24.513742410324454,100.16198239493096
2026-06-19 15:04:00,178.2178855433071,26.037595637248888,101.85584755051894
2026-06-19 15:05:00,180.26607556922974,24.981705550160893,99.6594346322477
2026-06-19 15:06:00,179.36255695644786,24.200558214164072,102.3178090552
2026-06-19 15:07:00,183.7599824714567,24.596180063017425,99.82097202227779
2026-06-19 15:08:00,173.37257547901748,25.672496021203642,101.96275992521542
2026-06-19 15:09:00,182.72876712980616,25.437386854561105,102.0507571203752
2026-06-19 15:10:00,183.11521298124407,24.808854320664246,100.4638738178845
2026-06-19 15:11:00,174.81652441897964,24.70654047054825,101.99843188050167
2026-06-19 15:12:00,179.14328101479913,24.68659348076494,101.61253071600026
2026-06-19 15:13:00,179.07139783501052,24.2620718524012,100.65338977256872
2026-06-19 15:14:00,176.48122076320544,26.292300551575554,100.08973437910855
2026-06-19 15:15:00,178.05545828102282,24.742143624630927,98.9448491699929
2026-06-19 15:16:00,177.22356038633544,25.973726816660395,101.71958005675963
2026-06-19 15:17:00,184.38067610855904,26.21705284153796,99.42223667436554
2026-06-19 15:18:00,182.33919598286866,25.79864871851837,101.41441303932957
2026-06-19 15:19:00,183.1788877374854,24.65470374982556,100.9838621407013
2026-06-19 15:20:00,181.80418016010807,25.32298407226929,102.11497133052583
2026-06-19 15:21:00,177.1773705719569,24.980643514887266,100.93754540061217
2026-06-19 15:22:00,178.68869933430057,24.2770385114159,100.9046626563835
2026-06-19 15:23:00,181.2234364030698,25.259487425377284,102.17824484514595
2026-06-19 15:24:00,176.94468047777013,24.056768167072157,101.70206963490094
2026-06-19 15:25:00,181.78249607543097,25.95014351076925,101.67938714861933
2026-06-19 15:26:00,179.39918650460467,24.628306162161287,101.86312110777023
2026-06-19 15:27:00,179.062947981126,25.160927724698272,99.45731345215147
2026-06-19 15:28:00,181.77739992050874,25.226630297236913,102.20814641598437
2026-06-19 15:29:00,181.1106582787151,24.792876021036736,102.03496255281632
2026-06-19 15:30:00,179.0975845854523,25.46935504118022,100.0799802457082
2026-06-19 15:31:00,182.8983245084106,24.62007707470198,101.00710343159095
2026-06-19 15:32:00,177.29734168100026,25.697037837965794,101.25283125484684
2026-06-19 15:33:00,181.53983901736066,23.9232162558026,101.13860385871791
2026-06-19 15:34:00,181.48275314492096,25.10110366363713,101.70063195988224
2026-06-19 15:35:00,179.22613390171503,26.551143199246628,103.01764013819742
2026-06-19 15:36:00,180.8153325556053,24.19973494031554,102.5981200732074
2026-06-19 15:37:00,176.87221605903673,24.45780402358012,99.72533696788231
2026-06-19 15:38:00,182.31006754801726,25.41112627972713,102.04648398836726
2026-06-19 15:39:00,179.53774465889254,25.143665425551678,102.89471998344249
2026-06-19 15:40:00,178.6931924487024,25.280504079418847,101.76417022482704
2026-06-19 15:41:00,182.62252306459223,25.39134970411813,102.60917651022315
2026-06-19 15:42:00,178.2391407736431,25.507777174849416,103.71472453484091
2026-06-19 15:43:00,176.4788467590911,25.887759873564978,102.52845145532838
2026-06-19 15:44:00,176.10842706619025,25.32785492554281,101.59917031477008
2026-06-19 15:45:00,181.5150248783641,24.806993876305167,102.5541061689017
2026-06-19 15:46:00,176.79892661875928,25.538058960962186,101.47386539971626
2026-06-19 15:47:00,184.38698545496092,26.519905547916174,101.32868365194194
2026-06-19 15:48:00,174.7951764802907,24.89389300289394,100.87830291714351
2026-06-19 15:49:00,184.2411409207251,24.22037655626349,103.17609603059853
2026-06-19 15:50:00,180.52754366800656,25.885664535429576,100.3178856008696
2026-06-19 15:51:00,179.758217220324,24.90369506883712,103.13884126961374
2026-06-19 15:52:00,178.6377022829776,23.26186436318877,101.89983694848844
2026-06-19 15:53:00,180.9978402858802,25.677937341720337,99.62083259023767
2026-06-19 15:54:00,179.90591324393787,24.571737451236864,101.7411791515897
2026-06-19 15:55:00,182.7582547050413,24.927573374156673,98.77996819081805
2026-06-19 15:56:00,180.2855691216551,25.26558426445521,102.05060962019724
2026-06-19 15:57:00,180.3757544036547,25.152399743823253,102.36227777958679
2026-06-19 15:58:00,179.09096946946536,25.56756145371123,100.58917285321753
2026-06-19 15:59:00,179.85763594069732,24.651610903544125,101.4482572351467
2026-06-19 16:00:00,180.76950442223014,25.410484638540865,103.64498892050034
2026-06-19 16:01:00,175.72457901835844,24.792362657932866,100.69310395488567
2026-06-19 16:02:00,176.62953644473572,25.591048384710003,100.02931089553208
2026-06-19 16:03:00,181.8581602350568,25.49229398721044,103.07799608295511
2026-06-19 16:04:00,180.42716359531985,24.251649038364324,103.65510462863695
2026-06-19 16:05:00,179.54004165911832,25.868785692940026,101.30443480621742
2026-06-19 16:06:00,180.0460848326635,24.57122924390876,102.51375564249003
2026-06-19 16:07:00,180.8689542634042,25.646446238624915,102.90977109863705
2026-06-19 16:08:00,178.6506007992266,25.29382985072107,100.40901892095394
2026-06-19 16:09:00,178.05423818649422,26.470546941436098,100.71763299755855
2026-06-19 16:10:00,180.48961313774421,24.821227214102517,102.77704941578568
2026-06-19 16:11:00,177.55406805596243,24.720546563105444,103.3220171344502
2026-06-19 16:12:00,181.0206318892862,24.984464315289813,101.97545703220922
2026-06-19 16:13:00,175.7435409894054,24.757456173732578,100.24422277579754
2026-06-19 16:14:00,182.5728890933141,25.63995352155364,103.68447333403932
2026-06-19 16:15:00,181.1814937060326,23.70695151325073,100.66283492262563
2026-06-19 16:16:00,180.64007433578467,24.157054064682917,100.89783466259425
2026-06-19 16:17:00,182.45672745986377,24.145757662736646,101.71080540138755
2026-06-19 16:18:00,184.16368611115644,25.76024607357886,103.16499250485772
2026-06-19 16:19:00,182.53592516254534,26.36849069806554,102.32477117186266
2026-06-19 16:20:00,175.3978144216709,24.916440625170022,101.79783860043429
2026-06-19 16:21:00,176.80105758316074,24.86494262144799,101.85594623614172
2026-06-19 16:22:00,178.4379535557608,25.056041730490545,101.35221760237215
2026-06-19 16:23:00,180.0652276255271,25.929502642086554,101.9697674174222
2026-06-19 16:24:00,181.2941475511728,24.25811749264754,98.26452790676683
2026-06-19 16:25:00,178.18564046711634,25.190695186187828,100.94407104911623
2026-06-19 16:26:00,180.4669169111927,25.780158103825944,101.58958632190013
2026-06-19 16:27:00,178.1115426691167,25.400875335951877,99.9187830996566
2026-06-19 16:28:00,178.47120549252014,25.151665293278995,101.76358798137387
2026-06-19 16:29:00,176.48334725787944,25.80083687405371,101.05463453481666
2026-06-19 16:30:00,177.69191688472273,22.83741416560061,103.40657083797859
2026-06-19 16:31:00,176.62078848595917,25.542300255624728,103.18762367025782
2026-06-19 16:32:00,177.56031686755668,24.476739453498062,100.7410333170582
2026-06-19 16:33:00,182.6341044915196,23.535493682514833,101.11899474611997
2026-06-19 16:34:00,177.62650277792014,25.408962079619986,101.21126292126992
2026-06-19 16:35:00,186.5809551620935,26.098926836130367,100.75800862860845
2026-06-19 16:36:00,181.23329475220223,24.890041188297847,101.53402998083375
2026-06-19 16:37:00,180.4620903092372,25.76229963776235,100.39006151733489
2026-06-19 16:38:00,177.85410554954697,26.289822606390917,99.94326159807497
2026-06-19 16:39:00,181.7507746985225,26.05193156286724,102.04725346868032
2026-06-19 16:40:00,178.56090543440556,26.311971623497115,102.05543550106617
2026-06-19 16:41:00,180.30502453661342,25.593701992857515,100.334821088408
2026-06-19 16:42:00,186.40021134567198,25.060346911121275,102.37442651691512
2026-06-19 16:43:00,179.75985025068837,23.718427350482266,100.5421067250016
2026-06-19 16:44:00,182.8731833157142,24.80315000949604,101.60379828564558
2026-06-19 16:45:00,178.24205893718528,24.325402723747047,102.28441281513494
2026-06-19 16:46:00,179.9125287737576,26.73675417399825,101.25966492235554
2026-06-19 16:47:00,184.42700158908877,24.859291350054132,101.84568909456935
2026-06-19 16:48:00,178.43258235553057,25.098563845427588,100.68028442733491
2026-06-19 16:49:00,184.5311213949923,25.441188300832373,101.06424009988628
2026-06-19 16:50:00,181.76937983863868,25.034881957097962,101.05296868294359
2026-06-19 16:51:00,178.59383306026433,26.356040832344604,100.40410598415171
2026-06-19 16:52:00,181.5810193476388,24.501880510612438,101.08787100426106
2026-06-19 16:53:00,182.43138612406682,25.155685964189793,99.4416580413635
2026-06-19 16:54:00,181.554524905543,24.406023531441562,100.71061550342947
2026-06-19 16:55:00,176.07443820027385,23.943981991023435,100.9581494079564
2026-06-19 16:56:00,178.18215706043782,24.51058472727577,100.99258429700554
2026-06-19 16:57:00,179.38120341112125,24.97037056236127,101.01020306495506
2026-06-19 16:58:00,179.8139164272499,24.65655822038619,101.22588296016784
2026-06-19 16:59:00,181.5516802438767,24.446063216100914,101.87532982170328
2026-06-19 17:00:00,180.44425250233314,23.87494602906253,102.34942048895903
2026-06-19 17:01:00,176.66163910322476,24.933515541897044,100.52028172778208
2026-06-19 17:02:00,180.9504946275149,23.796223700775197,99.85615897353303
2026-06-19 17:03:00,181.52646436320956,25.608044770951683,100.04954670530827
2026-06-19 17:04:00,181.3994761198276,25.065951802347602,100.71535649456608
2026-06-19 17:05:00,182.70195181388655,23.833958800428057,100.87769441862018
2026-06-19 17:06:00,182.08480538637227,24.75263273836011,100.37600472056305
2026-06-19 17:07:00,181.1479501980711,24.398274875527534,99.74466000290012
2026-06-19 17:08:00,179.82458572135337,25.255339608335344,100.75265500703097
2026-06-19 17:09:00,175.84759766621002,26.072360356818514,101.51771194413676
2026-06-19 17:10:00,181.07404554783147,23.499862024283406,102.01403535900268
2026-06-19 17:11:00,180.5192192179078,25.092020863317934,100.63109233627002
2026-06-19 17:12:00,180.67894709298844,24.871893763546687,100.80440261342788
2026-06-19 17:13:00,176.80812856044923,25.537072061160373,100.18796202938323
2026-06-19 17:14:00,177.29735864897935,25.17055730259015,101.26227299555026
2026-06-19 17:15:00,182.63288213333226,24.398424534608946,100.28188563897102
2026-06-19 17:16:00,179.90111211535836,24.744756851466704,101.98775337588944
2026-06-19 17:17:00,181.70375174343155,24.363179314557208,99.15696020967907
2026-06-19 17:18:00,180.07079594032615,25.86080571087888,100.86844439305705
2026-06-19 17:19:00,180.07439034873937,25.017049318937552,101.66132880703009
2026-06-19 17:20:00,182.34570951493998,26.520952548602406,101.520601419587
2026-06-19 17:21:00,178.70988817945656,24.951471348948303,104.5316403967766
2026-06-19 17:22:00,180.24030194235246,24.43327458647163,101.71976002948149
2026-06-19 17:23:00,178.8443117782374,23.78902848590974,100.09513448378958
2026-06-19 17:24:00,178.9137594314192,23.557488258995242,101.18544290349311
2026-06-19 17:25:00,179.2270696913284,23.732691245595607,99.16850439984026
2026-06-19 17:26:00,180.55533442908427,25.213701320809186,101.20328030084389
2026-06-19 17:27:00,178.8031284458413,25.406980018583948,100.30033273159908
2026-06-19 17:28:00,183.1393903139338,23.735047438374295,102.39846833067219
2026-06-19 17:29:00,177.76348174445124,25.716030651260894,100.64055167048535
2026-06-19 17:30:00,179.5328208895966,24.613551158653248,101.1598809010457
2026-06-19 17:31:00,178.90067235431457,25.11743440958844,100.53733059031471
2026-06-19 17:32:00,183.61744471088434,26.28977650260434,103.386621622224
2026-06-19 17:33:00,180.49138694127893,25.717471452692426,100.9145086806585
2026-06-19 17:34:00,182.5796113486716,24.785175481675335,103.49906845217504
2026-06-19 17:35:00,176.28609906740758,24.28704621966777,102.27698211454192
2026-06-19 17:36:00,180.66762566467315,23.278547678936555,101.87848007280246
2026-06-19 17:37:00,182.2240769890586,24.424677344606064,101.74247977678102
2026-06-19 17:38:00,180.20570997318856,24.831095808937846,101.7725567578595
2026-06-19 17:39:00,182.66370093766338,24.210256378279052,98.98679290478526
2026-06-19 17:40:00,178.70677887474906,24.894994426326157,100.96533992701909
2026-06-19 17:41:00,183.52336860046395,25.061481506367013,102.31418956542119
2026-06-19 17:42:00,185.74724530904814,24.82011521455354,101.24132337983107
2026-06-19 17:43:00,179.09290359890085,24.47999793534123,99.6137721838357
2026-06-19 17:44:00,178.88624369649807,25.13492373757338,101.23711465930704
2026-06-19 17:45:00,183.63346119279424,25.353552519655526,103.34492661950658
2026-06-19 17:46:00,183.94893036432677,24.127680738045722,102.79627005864167
2026-06-19 17:47:00,178.69284993211684,26.128745903797014,101.22559518876076
2026-06-19 17:48:00,178.94953295726035,24.92112949417259,102.4417391324697
2026-06-19 17:49:00,179.29553847784874,25.01507969835588,100.86019157555833
2026-06-19 17:50:00,176.6388737224143,25.566571538605245,99.25535409580793
2026-06-19 17:51:00,177.7033701337895,25.186572905010802,100.19064081424453
2026-06-19 17:52:00,177.48964808311982,25.762509307130596,103.17546652220983
2026-06-19 17:53:00,178.08050608723968,25.22969933216146,100.97120830180484
2026-06-19 17:54:00,179.91328778153306,24.51005010028765,101.00793922474998
2026-06-19 17:55:00,180.5855368313413,25.28920282016488,100.94019416447014
2026-06-19 17:56:00,183.8762512320352,24.08501903414347,103.5849639074876
2026-06-19 17:57:00,177.50411489815303,25.08684776462122,103.25115069843447
2026-06-19 17:58:00,182.46080599619145,24.97341600748443,103.96253628013775
2026-06-19 17:59:00,179.46502788943621,24.83350651418197,101.10914574751993
2026-06-19 18:00:00,179.8763407258689,24.897169990848855,101.6547493864965
2026-06-19 18:01:00,181.6870487304165,23.494520763601887,99.48002894069505
2026-06-19 18:02:00,177.19319494609425,24.56102007380723,103.07232131134192
2026-06-19 18:03:00,180.95602436546014,25.074275920912893,99.89866453847847
2026-06-19 18:04:00,180.41613052053265,25.12788511359792,101.56013067651516
2026-06-19 18:05:00,181.23112816002038,24.177859887259235,99.98323696684058
2026-06-19 18:06:00,180.72292160976954,26.01256627269176,100.59335980791356
2026-06-19 18:07:00,186.13825034977722,24.3070601214284,100.29528508274036
2026-06-19 18:08:00,178.40565003937172,25.77556576042139,100.57054968718901
2026-06-19 18:09:00,178.67250761249545,25.34175548949735,100.65305275622123
2026-06-19 18:10:00,178.4421486839381,24.48301815212496,100.6420774460899
2026-06-19 18:11:00,178.61130720209937,26.42024871408761,102.30000069413637
2026-06-19 18:12:00,178.4065321817337,24.045090534594816,99.97416464832497
2026-06-19 18:13:00,182.97254132776888,25.735323338888,101.56464971241664
2026-06-19 18:14:00,183.55126061997464,25.800465854434382,102.76155098276666
2026-06-19 18:15:00,178.57313426562632,24.463503832738684,100.68416436258393
2026-06-19 18:16:00,177.91911106723944,26.113972240051464,100.43849733110288
2026-06-19 18:17:00,181.17853889096602,24.799962788320837,101.0233704497837
2026-06-19 18:18:00,178.61944238929757,25.230954903423886,102.71567025003284
2026-06-19 18:19:00,181.58232954438878,25.208257471016978,101.53292915714403
2026-06-19 18:20:00,180.50730755212825,24.89255300682356,100.66254284647088
2026-06-19 18:21:00,176.21063971250692,25.648646618527827,101.88065198142564
2026-06-19 18:22:00,183.86876300332514,25.63479097644177,99.97724942019629
2026-06-19 18:23:00,184.48969418273882,23.601174421409453,102.11763141253154
2026-06-19 18:24:00,178.46802827378903,26.043472194302524,101.79032876924212
2026-06-19 18:25:00,179.03074610016003,23.67000640957146,100.93062983463334
2026-06-19 18:26:00,180.71466347681226,25.826036963473324,100.29369704186333
2026-06-19 18:27:00,180.83614197496757,25.901364109462065,100.23598289325984
2026-06-19 18:28:00,181.64636068168207,24.127226855827843,101.94178080361509
2026-06-19 18:29:00,185.02551134691586,24.671348569636333,102.77477660298688
2026-06-19 18:30:00,179.55763193126486,24.11543626521125,100.53523070356545
2026-06-19 18:31:00,178.00425688865386,24.82806317576901,101.85006404426179
2026-06-19 18:32:00,176.55170192996368,24.753572572651407,98.79556757767752
2026-06-19 18:33:00,178.1726749001452,25.62372842581547,100.59845872321135
2026-06-19 18:34:00,179.9171825678155,26.048246996895685,101.26272928055492
2026-06-19 18:35:00,184.48639465879447,26.116547048631965,100.2083798996218
2026-06-19 18:36:00,178.70597175240957,24.55026557873736,100.17619235025248
2026-06-19 18:37:00,180.55946987909724,24.832622501004376,100.49866453223733
2026-06-19 18:38:00,179.95894275981811,23.65324944622324,101.65063127399165
2026-06-19 18:39:00,182.9709831836202,24.355303946803048,101.07520517791235
2026-06-19 18:40:00,186.31733106468405,25.771881306477965,98.61412252001003
2026-06-19 18:41:00,178.6728280676992,26.292466258838587,98.75515981683792
2026-06-19 18:42:00,178.77640139370445,24.012520902496064,100.57176178657139
2026-06-19 18:43:00,182.61040219267267,24.526028592677683,101.84922390326426
2026-06-19 18:44:00,181.70472872406577,24.97887539443286,98.00299418872972
2026-06-19 18:45:00,184.61676831434008,25.224128927055684,100.70032378861804
2026-06-19 18:46:00,181.4598204633149,24.352317184062684,100.6685025721791
2026-06-19 18:47:00,179.10176977303234,25.339248835571272,102.96600533385013
2026-06-19 18:48:00,181.47663707673078,24.620928522343267,100.83797382594456
2026-06-19 18:49:00,182.77175895145726,24.988438183297376,101.75958678168911
2026-06-19 18:50:00,182.0512054529934,25.43702739840296,101.46950856810496
2026-06-19 18:51:00,181.26818507776824,25.00513781584875,98.74332022423135
2026-06-19 18:52:00,182.66668672397287,24.650891287578744,102.22184865995808
2026-06-19 18:53:00,182.9232389761142,24.912312156859336,101.55847580654755
2026-06-19 18:54:00,183.4553974775938,24.929309632635732,101.90992236760951
2026-06-19 18:55:00,181.6217747189741,24.7039911760943,106.01148524772358
2026-06-19 18:56:00,179.58220479920786,24.792963149866317,98.79906447260169
2026-06-19 18:57:00,180.36678421608332,26.278917736403773,103.36963597971332
2026-06-19 18:58:00,183.01627241627088,25.44873555835299,100.95506297671957
2026-06-19 18:59:00,177.95766082253192,24.763615745576672,101.64479468528361
2026-06-19 19:00:00,180.92168327218226,25.55756352360859,101.24538530563851
2026-06-19 19:01:00,179.0166529691816,24.73294440819519,100.79091639992234
2026-06-19 19:02:00,180.07186205733706,25.938499710069312,100.61620048611348
2026-06-19 19:03:00,183.19612965651825,25.295713753758474,101.6954104826876
2026-06-19 19:04:00,180.47774767004975,24.914158284796617,99.47939156399399
2026-06-19 19:05:00,180.11609137039036,25.358173540648224,102.20069500102612
2026-06-19 19:06:00,176.6003596475502,23.7432990783452,100.80056671413769
2026-06-19 19:07:00,181.86563391506806,24.098586024872155,99.94391679315157
2026-06-19 19:08:00,181.6137104528527,24.044859994880756,100.75998457040502
2026-06-19 19:09:00,185.40813680826366,25.114354475810966,102.80857906023509
2026-06-19 19:10:00,179.2305544126175,26.386011999588074,100.65759789558052
2026-06-19 19:11:00,180.54787581915986,26.785040116954107,101.73014434185154
2026-06-19 19:12:00,180.6234592092769,25.510440881152604,100.42285246914143
2026-06-19 19:13:00,183.94363319940868,25.400675579955564,102.20950621990833
2026-06-19 19:14:00,179.7617611690326,23.55915381267781,102.12260928654824
2026-06-19 19:15:00,180.69755381442585,24.56586096021278,103.51833059995569
2026-06-19 19:16:00,181.51974127429133,24.369772998473408,101.08932326540094
2026-06-19 19:17:00,180.4665228078909,24.503321921399106,102.10238576570949
2026-06-19 19:18:00,178.88391596362368,24.865484945132167,101.41768104744673
2026-06-19 19:19:00,180.48522498224577,24.6223275378423,102.85504613823561
2026-06-19 19:20:00,182.68407937464943,23.416560151699368,100.43740113486952
2026-06-19 19:21:00,177.43371175147234,25.598328204894027,102.19400637545273
2026-06-19 19:22:00,180.3324241853672,24.141805579408153,101.06636324465998
2026-06-19 19:23:00,178.24969796265208,25.19139749128892,101.2229741874698
2026-06-19 19:24:00,182.9876165723121,26.659266135799978,101.41010298133804
2026-06-19 19:25:00,176.19203273804055,24.26449232673086,101.60268847571201
2026-06-19 19:26:00,178.60269538182104,22.975769981802937,101.16052514825364
2026-06-19 19:27:00,180.9430296876613,24.77119662249591,101.55765581980462
2026-06-19 19:28:00,183.91381007308584,25.880767707998857,103.19374166907461
2026-06-19 19:29:00,179.83562434731752,26.566677963376474,102.48253962273826
2026-06-19 19:30:00,178.612001183267,24.016360324438068,102.34298551099627
2026-06-19 19:31:00,184.70289267360147,25.39735937858922,100.75335256877135
2026-06-19 19:32:00,176.3799652489594,24.627751634575958,100.232911006126
2026-06-19 19:33:00,174.5029851084498,24.915241316556692,102.4463606698853
2026-06-19 19:34:00,181.10003612513333,27.115474677613626,102.35125615103576
2026-06-19 19:35:00,178.74486443911846,23.797623737283878,103.06720481090117
2026-06-19 19:36:00,177.4469179571732,25.20299172919566,100.57522324883692
2026-06-19 19:37:00,181.7708911182484,25.37415453741235,101.02454161356758
2026-06-19 19:38:00,180.609501784428,25.868629059951477,99.33261900496947
2026-06-19 19:39:00,178.58980342315817,25.078386522776718,100.82903467272695
2026-06-19 19:40:00,176.79923900332275,25.246440431603283,102.49588461269533
2026-06-19 19:41:00,182.18114332070036,24.68668114606257,100.74020554492616
2026-06-19 19:42:00,181.62550294489665,25.215301552996085,102.06857575424098
2026-06-19 19:43:00,179.75206034055154,24.72544617960207,101.07139627280263
2026-06-19 19:44:00,184.61659249011916,25.49725751188484,101.68886843386586
2026-06-19 19:45:00,177.32478808418463,24.70431173116509,99.92277033222119
2026-06-19 19:46:00,176.18618707268814,25.30168031512175,101.40225133956068
2026-06-19 19:47:00,178.2702298252969,24.976589749052017,97.71063683491913
2026-06-19 19:48:00,179.88603495911124,25.900840200617736,101.07572461020561
2026-06-19 19:49:00,180.60834862330674,24.958885021129213,99.34343210754183
2026-06-19 19:50:00,179.39690985535918,23.581574025434495,102.74719341985617
2026-06-19 19:51:00,180.88013849128575,26.009537200571195,102.23288882331741
2026-06-19 19:52:00,176.87115143952389,24.275414159309904,101.86000517835929
2026-06-19 19:53:00,183.60941151018315,24.476986929080944,103.12520747259126
2026-06-19 19:54:00,179.7946220540186,24.523470964765206,100.1613001750102
2026-06-19 19:55:00,182.79323957897032,26.099550474536652,103.39683583749867
2026-06-19 19:56:00,180.85681336594425,23.291460628817042,102.41862987711247
2026-06-19 19:57:00,181.14188304788445,27.510198826927997,101.01613365533726
2026-06-19 19:58:00,181.4244182005805,25.84484544725284,102.66274417661953
2026-06-19 19:59:00,181.1192714000433,25.178591131303328,99.97244778510604
2026-06-19 20:00:00,181.60680689966887,24.95608479950697,100.3105830061668
2026-06-19 20:01:00,183.32288132533108,25.228443259886127,100.56969233211235
2026-06-19 20:02:00,180.4913029242537,25.41689794270347,100.66522675032319
2026-06-19 20:03:00,181.7725093939713,25.516172468760047,100.0321308286877
2026-06-19 20:04:00,179.77566076428192,25.44448357280276,102.76769968051438
2026-06-19 20:05:00,183.60029303862368,25.0716645450042,100.9893747195562
2026-06-19 20:06:00,178.30901924485184,24.84212926375414,101.72300596202825
2026-06-19 20:07:00,184.50235108227704,24.878981373077192,100.61557836030359
2026-06-19 20:08:00,179.89960512338914,24.844073375717855,99.11527603934178
2026-06-19 20:09:00,176.42306224470488,25.90701607749365,101.6240688300697
2026-06-19 20:10:00,180.32026103727696,25.47484537782469,99.00529402949627
2026-06-19 20:11:00,178.2973708563128,22.647689092268575,101.21763914469743
2026-06-19 20:12:00,182.10160887247181,25.52472062122381,99.65802195340062
2026-06-19 20:13:00,178.36844005174402,25.15578895577502,103.68473119907696
2026-06-19 20:14:00,178.88454141696306,24.985032994843284,102.39363526660966
2026-06-19 20:15:00,175.27614817263617,24.689185237528893,101.42690454952577
2026-06-19 20:16:00,178.8692342018773,25.89929017598881,102.81644801318559
2026-06-19 20:17:00,173.9403016834276,25.758021169698285,100.28442082704112
2026-06-19 20:18:00,176.0402429412857,24.381697865741113,101.95217525440411
2026-06-19 20:19:00,181.90103664036076,25.325641829699627,101.53977252046245
2026-06-19 20:20:00,181.96450039662707,24.222674612366973,101.6168240976004
2026-06-19 20:21:00,181.06364390446242,23.896305468168855,102.82682420012812
2026-06-19 20:22:00,177.58255964217696,24.498626220328028,102.17899052333576
2026-06-19 20:23:00,179.88072160964506,25.689914777906207,101.64646839539003
2026-06-19 20:24:00,179.99099365227357,25.76250003630087,99.31413507652604
2026-06-19 20:25:00,177.10408827701863,25.410468336077834,100.14794444566463
2026-06-19 20:26:00,183.75849575441788,25.5800766294784,101.15274927968512
2026-06-19 20:27:00,182.19340572643918,25.412942629691965,101.41204684913198
2026-06-19 20:28:00,179.44758956542583,24.486814723821638,99.94375553039129
2026-06-19 20:29:00,180.06721459748633,25.345538035739153,104.19401201069411
2026-06-19 20:30:00,180.5209570198689,25.640327620182145,103.11967286630428
2026-06-19 20:31:00,174.89566282893927,25.603433063850858,102.02254198447098
2026-06-19 20:32:00,179.3820565436985,25.951130697179714,101.38644423354049
2026-06-19 20:33:00,178.2950393800055,25.56664307776085,101.04534923611861
2026-06-19 20:34:00,177.4959499752627,25.281158566033266,100.15769784797331
2026-06-19 20:35:00,179.2972492677851,25.856120190653144,101.39297662222263
2026-06-19 20:36:00,184.4942163171238,24.978782992600753,101.6093030481713
2026-06-19 20:37:00,181.60210715316754,24.294500279017825,99.80988730942205
2026-06-19 20:38:00,178.572052525543,24.869546428844988,101.70101170069387
2026-06-19 20:39:00,181.4314569533904,24.40407788415484,101.1136891414103
